idx	date	rating	useful	body
0	2026-09-17	1	0	신고 접수하였는데 제보 사진 촬영후 업로드하면 자동으로 일시가 등록되어 이첩되는것으로 알았지만 실제 행정처리 기관에서는 사진상에 일시가 이첩되지 않아서 처리되지 않는 사례가 발생함 이러한 부분을 개선처리 하였으면 합니다.
1	2026-09-17	1	1	매번 최신소스를 쳐 받으라며 앱 기능 이용이 안되는데 이딴 어플을 국민들 쓰라고 계속 방치하는게 맞습니까? 세금 엄한곳에 낭비하지말고 정당한 기술비 드리고 실력있는 전문 개발자 초빙하여 제대로 만드세요 일 좀 제대로 하세요
2	2026-09-17	1	0	열심히 신고하면 뭐함 담당 공무원들이 불수용하는데 ㅋㅋㅋ 뭘 그렇게 봐줌
3	2026-09-17	1	0	신고해서 처리된적이 없음. 문자로 신고하는게 나을듯
4	2026-09-16	1	0	3.2.6 업데이트 하고 업로드 진행현황 팝업 스타일 바뀐뒤로 내용 다 입력하고 제출 눌러도 반응을 안합니다 제출을 누르면 그 순간 핸드폰 GPS 리딩만 잠깐 하고 그대로 먹통이에요.
5	2026-09-16	1	0	온갖 오류가 너무 많고, 오류 팝업이 뜨는 타이밍이 항상 정보 다 입력하고나서 떠서 개빡칩니다. 최신 소스 아니라고 다시 키라는데 몇번을 다시 켜도 똑같은 알림만 뜨고, 무슨 민원인 똥개훈련 시킵니까? 앱을 만드는 기초가 안돼있어
6	2026-09-16	1	0	왜 비번 제한에 대문자랑 8자가아닌 9자부터 가능하게 주접떨었는지 모르겠음 다른 사이트들이랑 비번 호환하기가 힘들어서 맨날 까먹어짐 카톡으로는 인증번호 쳐오지도 않아서 문자로만 받아야하고
7	2026-09-16	1	0	업로드 하는 시간좀 어찌 봐주세요 와이파이를 켜도 꺼도 시간이 너무 오래걸려요
8	2026-09-15	1	0	수고하십니다 안전신문고 내 나의신고현황이 뜨질않습니다 일부러 막은것인지, 단순 앱오류인지 확인부탁드립니다 현재 안전신문고 앱 관리 역시 적정TO로 인원이 분배되어있을텐데.. 방치만하고있다면 그 역시 소극적행정처리 및 직무유기아니겠습니까?
9	2026-09-15	1	0	업데이트가 안됨
10	2026-09-15	1	0	개가튼 최신소스
11	2026-09-15	1	0	번잡한 팝업창만 늘리고 수틀리면 신고버튼 눌리지도 않는 쓰레기를 앱이라고 만들어 놓은 담당자는 본인 마빡에 월급도둑이라고 크게 써놓고 다니길 바람
12	2026-09-15	1	0	사진첨부후 다음화면으로 안넘어감 속뒤집어짐 교차로 모퉁이주정차로 시야확보안되서 불편해 매번 발견하다 신고하는데 첨부후 예 누르면 반응없음 개선좀
13	2026-09-15	1	0	사진 찍고 업로드 하려고 하면 안 됨ㅋㅋ 초기 화면으로 돌아감 안 고쳐지냐
14	2026-09-14	2	1	각종신고를 하며 느낀건 법을 어기며 살아도 되는구나를 느낌
15	2026-09-14	2	0	내 신고 결과 내용을 볼수가없음
16	2026-09-13	1	1	신고 제출이 안됨
17	2026-09-13	1	0	앱 관리좀 하세요 진짜 제출 이런 기초 코딩도 못돌리면 왜 월급 받는거임? 아니 돈 받고 일하는건지도 의문임 진짜 초딩이 만든 코로나 확인앱이 이거보다 더 잘돌아감
18	2026-09-12	1	1	안전신문고 앱 계속 무반응 심각하네요 이딴 앱을 만들었나요? 아무리 다시해봐도 무반응입니다.
19	2026-09-12	1	0	최적화 쓰레기앱. 불법주차 신고하려해도 다시 확인하라고만 하고 제출 버튼 활성화가 안됨. 시민의 불편을 해소하려는 의지가 단 1도 없음.
20	2026-09-12	1	1	신고도 안되는데 이게 왜 안전신문고 신고어플임???? 다른사람들 리뷰에 댓글달아놓은거대로 앱 내장카메라 사용했고 제출하기했는데 그 다음 화면으로 안넘어가짐 안전신문고 내 갤러리저장 된 사진으로 신고하려니 사진이 업로두가 안됨 이게 국가 세금으로 이뤄지는 어플이 맞나요??
21	2026-09-12	1	1	신고가 안됨
22	2026-09-12	1	1	아니 신고하려고하면 제출버튼 활성화가안되는데 어찌신고하란말인가?
23	2026-09-12	2	0	1. 앱내장 카메라 성능이 안좋아서 비활성화 후 핸드폰 카메라로 찍으면 그 화질을 유지 못하고 갤러리에서 해상도 저하 문제 생김. (촬영시엔 번호판이 확보되었는데, 막상 저장되면 식별 불가)번호판이라도 해상도 유지해주십쇼. 2. 불법 주정차 사진 업데이트 시, 필수를 제외한 사진(2장)은 시차 1분에 포함이 안되도록 검토 요청->주정차 처리과에서 주변 전경이 확보된 사진을 요구합니다. 총 3장을 첨부하게 된다면 2분의 시차 간격이나 필요한 애로 사항이 있음
24	2026-09-11	1	1	별한개도 아까워요 이거 제출 이후 알림 페이지 신고하시겠습니까 나오고 예를 눌러도 안넘어감 이걸 신고도 안되게 말들꺼 왜 만든건지?
25	2026-09-11	1	0	아니 사진 찍은거 날아가기 일쑤여서 그 덕분에 불법주정차 해놓은 차들이 그 사이에 도망가기 일쑤, 사진 저장 안되고 앱튕기는것 좀 해결해주세요
26	2026-09-11	1	0	내가 리뷰는 안쓰는데 처음으로 씀 안전신문고라고 신고하라고 만든 어플이 신고가 안되면 왜 있는거임?? 이것도 분명 나라 세금으로 만들어서 운영할텐데 이딴 어플을 얼마주고 만들었는지 참으로 궁금해짐
27	2026-09-11	1	0	신고도 제대로 안되는 오류투성이 구시대UI어플
28	2026-09-10	5	0	문의할 곳이 없어 다시 남깁니다 "안녕하세요. 안전신문고에 관심을 가져 주셔서 감사합니다. 시간 순서가 사진 사진-동영상 순으로 첨부 가능합니다. 파일의 촬영 시간 확인해 주시기 바랍니다. 보다 안정적인 앱 사용을 위해 더욱 노력하겠습니다. 감사합니다." 위와같은 답변을 받았는데 사진과 사진 사이에 동영상을 찍는 경우가 있는데 왜 설정이 그렇게 되어있는지 확인 부탁드립니다 친환경차 주차구역의 경우 단순 바닥의 주차구역 표시 촬영을 위해 동영상으로 찍기 때문에 첫 번째 사진과 두 번째 사진 사이에 촬영했습니다 지금 신고 접수를 못 하고 있는데 시간 순서가 사진 사진 - 동영상 순이어야 한다는 안내가 어디에 되어있는지 알려주시겠어요?
29	2026-09-10	1	0	신고를 하려해도 앱 사진이 저장이 안된다하고 앱이 튕겨나가서 신고를 할수가 없습니다
30	2026-09-09	1	1	쓰레기 앱 정부는 관리 제대로 해라 세금마깝다
31	2026-09-09	1	0	안전신고 갤러리에 있는 사진이 등록이 안됩니다.
32	2026-09-09	1	0	사진업로드가 안돼요
33	2026-09-09	1	0	로그인하려는데... 최신 소스가 아닙니다. 앱종료후 다시 실행하라는데... 다시 실행해도 안되는거 똑같다. 앱 정비 좀 해라.
34	2026-09-09	1	0	깔고 들어가면 계속 밑에 바 숫자나오고 계속 다운만받네요. 관리를 안하는듯.
35	2026-09-08	1	0	이건 누가관리합니까? 교통법규 신호위반신고 2달이넘어가는데도 깜깜무소식이네.. 심할땐8개월만에 처리한결과는 경고장 발부뿐.... 어처구니 없는건 오토바이 신고당하면 5일만에 카톡으로 발부장오던데..
36	2026-09-08	1	0	업무처리 속도가너무 늦어요
37	2026-09-07	1	1	아니 사진을 2장 찍어야한다면서 1장만 찍을 수 있게 해놓는건 뭐죠?
38	2026-09-07	3	0	One ui 9 대응.업데이트.요청드립니다
39	2026-09-07	5	0	긴급을 요할때 꼭 필요해요
40	2026-09-07	1	0	현재 one ui 9.0 베타 사용중입니다. 앱이 로딩화면 200%+ 올라갔다가 89%에서 멈추고 켜지지않는 현상이있습니다
41	2026-09-06	1	1	신소 하려먄 자꾸 초기화 되어 신고 포기
42	2026-09-05	1	0	아이디 비번찾기 문자가 안온다 뭐하냐
43	2026-09-05	1	1	불법주정차 신고시 촬영이 저장안되었다고 계속나오니 신고도 못하고 왜 오류 개선을 안하지?
44	2026-09-04	1	0	마...치아라
45	2026-09-04	1	1	교통관련 신고해도 도음이안되고 과태툐아닌 경고장만날리니까 안좋아요… 그리고 문의상담할때 불친절합니다 ㅡㅡ
46	2026-09-04	2	0	사진앨범에있는 사진으로 사진업로드못하네요?
47	2026-09-03	1	0	뭐이리 절차 하나하나 오래걸리나요? 매 단계마다 버퍼링이 장난 아니네요
48	2026-09-03	1	1	제가 폰카메라로 위반딸배의 범법행위를 쵤영한걸 업로드하여서 신고했는데 위치정보가 안뜬디네요? 이거 어캐된건가요? 답변을 안하나요? 운영하기 싫으시면 그냥 앱을 없애요.
49	2026-09-02	1	1	1점아래로 별점 주고싶은데 없네요. 친환경차신고때문에 앱내 카메라로 찍으려는데 두번째 사진 찍으려면 초기화 되네요. 이게 정부에서 운영하는 어플의 수준이라니. 재밌네요.
50	2026-09-02	1	1	앱 키는데 하루종일 걸리고 사진 업로드는 내일모레나 될듯하고 허구한날 오류나고 담당부서가 일하기 싫은건지 국민 안전에 관심이 없는건지. 나도 그냥 주정차 금지구역 알빠노 하고 차 세워둔 채 밥 커피 장보기 등등 할테니 열심히 월급루팡들 하쇼
51	2026-09-01	1	0	신고하려는데 사진이저장되지않았다는메세지가뜨고 다시 사진찍으면 초기화면으로돌아옴 어떻게신고하라는겁니까?
52	2026-09-01	1	0	신고 앱을 만들면 뭐하나? 견찰들이 처리 하지 않는데. 어린이 보호구역 불법 유턴 차량 차랑번호까지 동영상으로 찍어서 보냈더, 차량 번호 확인 불가. ㅉㅉㅉ 확인 불가인거냐, 일하기 싫은거냐.
53	2026-08-31	1	0	앱을 쓰라고 만든건지 신고를 하지 말란건지 왜 만든건지 모르겠네. 신고칸에서 사진찍어도 저장 안되고 그냥 사진촬영에서도 사진도 저장도 안되고 뭐 어쩌자는건지. 차라리 폰에서 찍고 갤러리에서 업로드를 할 수 있게 하던가
54	2026-08-31	1	0	사진촬영기능은 10% 확률로 작동함. 가챠임? 뭐 이딴 어플이 다있어. 그냥 사진으로 신고 가능하게 해주던가.
55	2026-08-30	1	0	개구림
56	2026-08-29	1	1	신고를 할수가없네 앱이 이따구니
57	2026-08-29	1	0	사진 첨부 자체가 안 되는데 뭐하러 만들었나요. 권한 전부 허용했고, 어플 삭제했다가 다시 설치해도 안 됩니다.
58	2026-08-28	1	0	앱도 진짜 누가만들었는지 관리안하나요? 불법주정차 사진 촬영 사진 5-6번 찍어도 내내 오류남 뭐 잡겠다는건지 말겠다는건지
59	2026-08-28	1	0	아오....카메라 저장안됨.....앱내장 카메라 쓰라고 할거면, 좀 팝업 공지로 내보내시던가.....물어보는 사람한테만 말해줘요???? 아오.....
60	2026-08-28	1	0	에바야
61	2026-08-27	1	0	진짜 이거 왜있냐? 쓰라고 만든거냐?
62	2026-08-26	1	1	신고한지 한달만에 번호식별이 어려워 보완하라고? 번호판 따로 캡쳐해서 올려줬잖아. 내신고 자료 다 어디가고 마일리지만 보이나... 앱 진짜 신고도 개같이 힘들고. 머 이럽니까 신고하지 말라는건가
63	2026-08-26	1	5	안녕하십니까? 앱 내 불편사한이 있어 문의드리려고 합니다. 회원 비밀번호를 까먹어 [ ID 작성>이름 작성>전화번호 작성>인증번호 받기>인증번호 입력> 확인 ] 순으로 비밀번호 찾기를 진행 하였는데, 계속 '인증번호받기를 실행해주세요.'라는 팝업 메시지가 계속뜨면서 비밀번호를 계속 못 찾고 로그인도 못 하고 있습니다. 당연히 인증번호 받기를 눌렀는데도 말이죠. 이를 빠른 시일 내에 해결해 주시고, 리뷰들을 보니까 이 문제 말고도 다른 문제들로 이용자분들께서 불편해 하시는 것 같으니, 기타 사항들도 조속히 수정해주시기 바랍니다.국가에서 운영하는 앱인 만큼 각별한 주의를 기울여 주세요.
64	2026-08-26	1	1	제대로 된 회사와 계약해서 정상적인 앱을 만드시는게 어떨까요. 세금 들어간게 이 수준이면 횡령 아닙니까?
65	2026-08-26	1	0	이 딴 쓰레기같은 앱 사용하지 마세요 기본적인 기능도 안되고 사진 첨부를 위해 갤러리 접근도 못하는 쓰레기 앱입니다.
66	2026-08-25	1	0	(욕설 리뷰 — 내용 없음)
67	2026-08-25	1	0	왜 내가 찍은 사진은 업로드를 못하고 어플 켜서 사진찍고 올리게 만들어놨을까요?? 내 사진첩에 신고할 사진이 있어도 올리지도 못하는데 도데체 이유가 뭐에요?? 컴퓨터로 하면 또 되는데 편하자고 어플 쓰는데 굳이굳이 어플 내 카메라로 찍게 만든 이유가 궁금하네요
68	2026-08-25	1	1	신고하나마나 업무 떠넘기기 교퉁신고하면 답변없이 삭제 산 주변 계곡 취사신고하면 바빠서 못간다하고... 이건 행정마비인지 근무태만인지
69	2026-08-24	1	0	사진을 선택하면 앱이 강제종료됩니다.
70	2026-08-24	1	0	켜지기나 해라 쫌
71	2026-08-24	1	0	차라리 없는게 낫겠어요
72	2026-08-24	1	0	세금으로 개같이 만들었네
73	2026-08-24	1	0	갤러리에 있는사진은 못올리네요...?
74	2026-08-23	3	0	신고할때 업로드한 사진들 다시 보려고 신문고 갤러리 들어가서 상세보기 해도 사진이 안나옴
75	2026-08-23	1	0	너무너무 느려요. 최악이에요. 관리자분 신경좀써주세요.
76	2026-08-23	1	0	신고하려고하는데 사진이 업로드가안되요 갤러리사진을 불러오질못합니다
77	2026-08-23	1	0	별 한개도 아까운 쓰레기 앱이다. 불법주정차 신고 할려고 했더니 촬영이 저장이 안되고, 초기화면으로 계속 쳐 가고..진짜 오류는 더럽게 많고. 이거 한답시고 혈세 엄청 들였을텐데 철밥통들 일하는 꼬라지 보면 나라 돌아가는게 신기한정도. 예전처럼 블박으로 신고하게해라 이따구 쓰레기앱 강제로 쓰게하지말고.
78	2026-08-22	1	1	신고절차가 불편
79	2026-08-22	1	0	이거 앱 있어도 어차피 동작 안됩니다 스트레스만받아요 별 1개도 아깝습니다
80	2026-08-22	1	0	예산을 어플 업데이트에 사용해주세요. 예산 있는데 이런 상태인거면 이건 누가 무슨 짓 한겁니다. 무료 어플보다 퀄이 떨어집니다
81	2026-08-21	1	0	어플이 쓰레기라 신고도 못하게 만드는 어플
82	2026-08-21	1	0	이거 만든다고 돈 많이 썻겠죠? 관리도 안되고 전혀 반응도 없는 어플만들어 돈 벌고 개꿀
83	2026-08-21	1	7	사진을 촬영해도 저장이 되지 않고 다시 찍으라고만 하네요. 네 말씀대로 하니 사용은 가능하오나 실제 사용에서는 버퍼링이 다소 있어 기존 카메라 보다는 사용성이 뒤쳐집니다
84	2026-08-21	1	0	별 한개도 주기싫네 어플개발자랑 비리있는거 아님? 이것도 세금으로 만들었을거 아냐ㅡㅡ
85	2026-08-20	1	0	신고유형 선택도 안되고 텍스트도 작성이 안됨
86	2026-08-20	3	0	갑자기 유형선택이 안됩니다 빠른 수정 부탁드립니다
87	2026-08-20	1	0	2번째 사진찍을때 튕김
88	2026-08-20	1	1	업데이트 이후 신고기능 자체사용이 불가능합니다 메인화면에서 프리징 걸립니다
89	2026-08-20	1	1	신고하려고 들어왔다가.. 어플이 작동을 안하네요. 주소 찾기도 안되고 전화번호 인증도 안되고.. 제 안전은 어디에 있는 건가요?
90	2026-08-19	3	3	사진이나 동영상 선택을 핸드폰의 갤러리로 들어갈수있으면 좋겠네요 갤러리로 들어가는게 좀더 찾기쉽고 갤러리 사진은 폴더가 많으면 전부 로딩하느라 시간이 오래걸리고 찾기가 힘드네요 갤러리로 들어가면 왠만한건 상위폴더로 뭉쳐서 찾기편한데
91	2026-08-19	1	1	정말 사진촬영 저장이 안됩니다.. 신고를 못하게 막아놓은 수준입니다... 제발 고쳐주세요...
92	2026-08-19	1	1	사진찍으면 왜 저장이 안되고 오류가 발생할까요? 재설치 해도 똑같고 그래서 제대로 이용하기가 불편합니다
93	2026-08-18	1	0	신고 하라는 건지 말라는건지~ 증거 사진 찍고 올릴려고하는데 사진이 안나옴. 그냥 만들어놓은거임? 답답하네요
94	2026-08-17	3	2	앱도 휴가인가요? 접속이 안되네요. 사진은 찍히긴하는데...
95	2026-08-17	1	0	동영상 업로드 크기 좀 올려주세요. 얼마나 화질 떨어지는 영상을 올리라는건지. 교통 위반 신고할때 차번호 잘 안보인다고 반려 하실꺼잖아요.
96	2026-08-17	1	0	신고할려고 사진찍으면 정상적으로저장이 안된다자나 신고를 하라는거에요 말라는거에요? 사진저장할려고 10번은더찍어야 저장되서 신고가되네
97	2026-08-16	1	0	뭐야 이 쓰레기 어플은... 방금 불법주정차 발견한 걸 이 어플로만 올릴 수 있다는 마인드는 뭐지. 폰카메라 갤러리는 불러와지지도 않고. 평점 관리 안 하냐? 세금 축내는거야? ㅡㅡ 이 사실 국민신문고에다 국정감사까지 하게끔 올려버려야겠네.
98	2026-08-16	1	0	너무 느려요.
99	2026-08-15	1	0	아니 앱 켜지는데 하루 종일이면 신고하겠나 안전신문고 앱을 신고하고 싶네
100	2026-08-15	1	0	대체 신고를 하라는건지 하지말라는건지 모르겠네 이쯤되면 국가에서 불법주정차하라고 장려하는급 아니냐?? 신고 넣어도 담당자 누군지도 모른채 묵묵부답이면 대체 이 앱은 왜 존재하는거냐
101	2026-08-14	1	0	사진도 제대로 안찍힘
102	2026-08-14	1	0	이시간 현재 왜 먹통이죠..삭제후 재설치도 안돼요
103	2026-08-13	1	1	한정된 자원을 효과적으로 낭비하도록 도와주는 어플입니다. 이 정도 수준의 어플이 만들어졌다는 것은 기안자, 외주업체, 검수 및 승인자의 관계 확인이 필요함을 의미합니다. 어플이 정상화 되는대로 이 부분 부터 신고해보겠습니다.
104	2026-08-13	1	1	사진 저장이 안돼요. 네트워크 문제도 아니고 하루이틀 된 오류도 아니에요. 한두 사람이 하는 말도 아니고 인지 한지 오래일텐데 왜 방치하는건지 이해를 할 수가 없습니다.
105	2026-08-13	1	2	신고하려고 설치했는데 실행도 안되고 오류나고 불법주정차 신고하려다 앱 때문에 열받고 간다. 만들려면 편리하고 접속도 원활하게 만들어야지 이거 전국민 속터지게 만드는 앱이네. 1점도 아깝다!
106	2026-08-12	1	0	신고시 에러
107	2026-08-12	5	4	근데 앱 시작하면 왜 신고화면이먼저일까요?? 홈화면도아니고
108	2026-08-12	1	11	다시 보라고 적습니다. 사진 저장 안되고 앱이 튕기는 현상의 해결방안으로 앱내장카메라설정 활성화 하라고 했지만 현상이 전혀 해결되지 않음. 여러 후기에 거짓 해결방안만 늘어놓고 있는데 좀 제대로 수정하거나 그냥 서비스 종료하고 무법천지로 살자!!
109	2026-08-12	1	0	신고를 접수해도 담당 지정도 안되고 한달넘게 민원 처리가 안됩니다.
110	2026-08-12	1	0	신고해도 지자체에서 관할문제로 떠넘기는데. . . 시간낭비
111	2026-08-11	1	0	핸드폰 갤러리 사진을 첨부 못하게 하는 이유는 뭔가요? 불법주정차 앞에서 어플켜고 사진찍고 1분 이상 대기하다가 주정차량 주인이랑 마주쳐서 싸우라는 싸움유발장치?
112	2026-08-10	1	0	겁나느리고 실행도 안되고 초기로딩페이지 120퍼 될때까지 실행도안되고 최악임
113	2026-08-10	1	0	이거 되긴해요? 별하나도 아까움
114	2026-08-09	1	0	알았어요 신고 안할게요
115	2026-08-09	1	0	전기차 불법 주차 신고하려고 하면 사진이 제대로 안 찍혔다고 신고를 할 수가 없네요. 개선해주세요. 앱 때문에 더 스트레스 받네요. 앱 테스트는 제대로 한 거 맞나요?
116	2026-08-08	1	1	어지간히 일하기 싫은 모양이다. 신호위반, 난폭운전 신고해도 처리하는데 최소 1달이상 걸리고... 위반이 명백한데도 결국은 방생이더라. 아이들 테운 유치원버스가 아무렇지도 않게 신호위반 하는걸 신고 했는데도 풀이주더라 인적드문 골목길에서 처 잘생각 하지 말고 일좀해라 세금 루팡 견찰들아...
117	2026-08-08	1	0	신고해서 올리면 자기 담당관할 아니라고 빠꾸먹고 또 사진 올리라는데로 올렸는데 뭔 설명도 없이 갑자기 사진 더 올리라고 바꾸먹고 이럴거면 그냥 어플 패쇠하시죠?
118	2026-08-08	1	0	이딴 쓰레기를 혈세로 쳐 만들엇어요??? 아니면 담당공무원 주머니로 쳐 갔나요??
119	2026-08-08	2	0	문의사항: 휴대폰 내 갤러리에 있는 사진은 첨부가 안되나요????? 사진이 안뜨네요.
120	2026-08-07	5	0	이런 좋은 앱이 있는지를 과태료 고지서 받아보고 새삼 느꼈습니다. 사람들 붐비는 공공기관은 많은 민원인에 비해 주차대수는 한정되어 있을텐데 말이죠. 한국인 정서를 자극하는 k-앱. 하루 1,000건 신고 목표로 적극적인 사용을 위해 더욱 노력하겟습니다. 감사합니다.
121	2026-08-07	1	1	어플이 느려서 쓸수가 없어요. 신고용 사진 화질은 왤케 구리게나오나요.
122	2026-08-07	1	1	너무 느려요
123	2026-08-07	1	0	이런걸 왜 운영하나? 잘 관리하던지
124	2026-08-07	1	0	불법신고창에서 사진촬영누르면 왜 사진 저장 안된다고 뜨는걸까요?? 용량은 한참남아있는데 제가 조치 할 수 있는게 있을까요??
125	2026-08-07	1	1	사진 촬영하면 정상적으로 저장이 안 되었나면서 초기화면으로 돌아가네요. 갤러리 사진으로는 신고도 못하는데 어플 안에서도 사진도 못 찍게 하면 신고는 뭐로 하나요 제발 어플 좀 똑바로 만드세요
126	2026-08-07	1	0	사진찍었는데 왜 쳐안올라가는거임?? 계속찍어도 안올라가잖아 사진저장이 안된다고 신고하려해도
127	2026-08-06	1	0	앱 딜레이가 심하면 지웠다 깔아보세요~ 신고하려다 더 열받고 지웠는데 혹시나 싶어서 다시 설치하니 속도 저하 해결됐네요.
128	2026-08-05	1	0	적재물낙하 피해를 신고 했더니 경찰은 안전신문고에 영상,사진 올리라고 하고 안전신문고에서는 어플로 찍은 사진,영상아니라고 처리 못해준다는 이야기 반복. 어플로 영상,사진 찍으면 저장실패했다고 다시찍으라고 하는 오류까지...
129	2026-08-05	1	0	신고처리도 늦고 영상에 시간이 안나와있다고 신고 사유가 안된다니.... 번호판도 나오고 증거가 나와있는데.....에휴 대부분의 사람들이 운전하면서 법을 어기고 다니는게 이유가 있었음 뭐 사유가 안된다니 좋은거 배웠네 ㅋㅋ 앞으로 일방통행 도로에서 역주행 해도 되는거죠? 그리고 앞으로는 시민들에게 위협이 되는 위험한 상황이 보이거나 생겨도 신고 절대 안할게요 사진이나 영상에는 날짜와 시간이 안나오니 어쩔수 있나여 ㅋㅋ
130	2026-08-04	1	11	신고하려고 사진 올리면 어플 종료됩니다. 대여섯번 하고 나면 "안전신문고 앱에 버그가 있어 종료됩니다. 개발자가 오류 수정본을 제공하면 앱을 업데이트 해보세요." 라고 뜹니다. 식별 불가한 오염 번호판 신고하려니 당최 어플을 사용할 수가 없으니 신고도 못하네요. 버그가 있고 오류가 있다고 사용자들이 리뷰로 제보를 하면 수정 후 업데이트를 해주셔야 사용을 할 거 아닙니까? 이건 뭐 공익신고를 하라는건지, 말라는건지.
131	2026-08-04	1	1	사진 찍으면 왜 자꾸 실패하고 사라지고 또 찍으라하고 앱 꼬라지가
132	2026-08-04	1	0	접속장애?접속하려고해도 접속안됩니다
133	2026-08-04	1	1	아니 나 말고 같은 고생한 사람이 있네... 바로 사용하게끔 해줘야지 뭔 앱 설정을 다시 해요. 덕분에 밖에서 20분동안 폰 열먹어서 그런줄알고 식히고 그랬는데... 이러다 나중에 신고하려다 안되서 계속하다 땡볕에 쓰러지고 그 이유로 이 앱이 지목되고 그러면 또 빨리 고칠거지요? 제발 좀 미리 합시다. 취재가 시작되면 할래요? 이거 기사거리가 될거같긴한데. 빨리 업댓안하면 너무 안 더워지기전에 기사거리로 제보냅니다 진짜
134	2026-08-02	1	1	앱 시작 로딩이 너무빨라 라면도 불어 1인분이 3인분이 되겠어요
135	2026-08-02	1	1	무슨앱을불편하게만들었대ㅡㅡ사진올릴려고해도갤러리가안뜨구만
136	2026-08-01	5	0	사람들이 악평이 많던데. 저는 처음에만 학습하는데 약간 어렵기는 해도 신고하는 데에 문제가 전혀 없었습니다. 오히려 스마트폰 1개, 안전신문고 앱 1개만 있으면 제 사진의 신뢰성을 증명이 가능하게 된다는 것이 너무 편리하고 좋았습니다. 덕분에 불법주정차 신고가 쉬워져서 매우 좋았습니다. 개발진분들 감사합니다.
137	2026-08-01	1	0	오류가 너무 많음
138	2026-07-31	1	0	앱을 어떻게 그것도 나라에서 이따구로 만들 생각을 하니 진짜 세금이 너무 아까워 너네는
139	2026-07-31	1	0	앱 접속이 안됨. 로딩바가 140%이상 진행되는등 버그인지 오류인지 모를 증상만 반복됨. 홈화면에 나갔다 들어오면 앱을 재실행하라며 강제종료됨
140	2026-07-30	2	0	왜 맨날 신고하려고 사진을 찍어도 저장이 안됐다면서 초기화면으로 돌아옴?
141	2026-07-30	1	1	화면 꺼지면 혹은 잠시 영상 및 사진 확인하고 오면 세션 만료, 작업중이던 내용 다 날아가고.. 로그인도 유지가 안 됨.. 사실상 신고하지 말 것(신고를 포기할 것)을 권장하는 앱
142	2026-07-30	1	1	진짜 한번 신고할려면 울화통이 터짐. 바쁜 시대에 공익 신고라도 할라하니 사진 촬영을 열댓번은 더해야 겨우 업로드되고, 두번째 장도 쵤영해서 겨우 올리나 싶더니 그냥 첫화면으로 강제 튕기고...진짜 안전신문고를 신고하고 싶음.
143	2026-07-30	1	1	작동되지 않으면 앱의 있는 이유가 뭡니까?
144	2026-07-29	1	1	이러니까 우리나라 공무원에 대한 믿음이 없는것 같네요. 이 앱 관리자들도 철밥통이라 짤릴 일이 없거나 많은 사람들이 앱 쓰면 귀찮아지니까 일부러 쓰지 말라고 이따구로 앱 관리하는거겠죠? 이럴거면 그냥 기업에 위탁을 맡기던가 앱 써보지도 않은것 같은 관리자들이나 신고해도 일하기 귀찮다고 대충 불수용 때리는 담당자들이나
145	2026-07-29	1	1	개느림 어떻게 정부에서 만드는건 하나 같이 개느림?
146	2026-07-29	1	2	사진저장오류가 나옴 그래서 앱내장 카메라로 촬영 화질이 엉망임 신고자임을 대놓고 걸리게 앞에서 찍어야 식별가능. 어쩔수없이 상대방과 다툼 발생. 이것이 앱개발자가 바라는 상황인건가 싶음.. ㅠㅠ
147	2026-07-28	1	1	사진이 안올라갑니다 이따위로 할겁니까?
148	2026-07-28	1	1	신고시간설정이 너무 어러움. 시계바늘을 움직여야하는데, 매번 신고 시간이 오류가나서 반려됨
149	2026-07-28	1	0	앱내장카메라는 동영상 화질이 안좋고 해당 기능 설정 안하고 하면 저장실패가 너무 많이 됩니다
150	2026-07-27	1	0	아니 사진첨부가 안되는데 뭐하냐?
151	2026-07-27	1	0	어플 관리 좀 하세요. 어휴...
152	2026-07-27	1	0	경찰이 수사의지는 없고 봐주기로 일관함, 오토바이가 차량을 추격하여 위해를 가했으나 번호식별이 안되 112신고와 사건번호, 담당경찰관 전화번호를 기제 했음에도 종결 처리함
153	2026-07-26	1	0	제발 가입좀 되게 해주세요, 가입시 주소까지 입력이 필요한데 주소 검색에서 그 어떠한 모든 주소지 전부 다 없다고 나와서 미쳐버리겠네요
154	2026-07-25	1	0	최악의 앱 로딩이3분 사진업로드 1분이상 불법주차신고 하려다가 이앱을 신고합니다. 제발 좀 고치세여 그래야 신고를하지요
155	2026-07-25	1	0	신고하기 되게 불편하네 해결도안되고 뭐이럼?
156	2026-07-25	1	0	그냥 수정할 생각이 없나보네 앨범에서 사진선택 누르면 아무것도 안나오는건 여전하네 추가 답변 써보고 답변다는거냐 다른 서비스에선 사진선택 가능하지만 불법주정차칸에 있는 안전갤러리만 들어가면 아무것도 안나온다
157	2026-07-24	1	0	최악의 어플이다 공무원들이 얼마나 일을 안 하고 놀고 먹는지 증명 하는 거 같다 자기 벌어가는 거에 직접적인 영향이 있으면 절대 이렇게 못 만들지
158	2026-07-23	1	0	괘씸하게 사람들 지나다니는 보행로 인도에 자기 편의만 찾는 운전자 차량을 찍고 불법 주정차 신고를 할래도 이건뭐 찍은 사진 업로드가 되야 신고를 하죠 그리고 또 사진 찍는 시간이 1분 이상이어야 한다고 요??? 사진을 어떻게 1분 이상 찍습니까 참나 ㅡㅡ
159	2026-07-23	1	7	어플 내에 촬영 기능들의 화질 개선좀 부탁드립니다. 코앞에서 찍어놔도 화질이 구데기라 신고를 못하겠네요.. . 그럴거면 기본어플로 찍은거도 신고되게좀 해주던지... 영상이건 사진이건 찍으면 바로 저장되게 해주세요. 알아서 나중에 지울테니까... 뭔 찍고나서 버튼 하나 잘못 누르면 날아가버리니...
160	2026-07-23	1	0	사진찍어 올리면 화질 강제 저하 시키지 좀 마요. 기껏 올려도 자동차 번호판이 안보이잖아요. 예산 좀 더 타와봐여.
161	2026-07-22	1	1	신고하기 불편하네 시간 내서 신고하는건데 사진 찍을때마다 저장안되는데 많은 사람들이 불편을 호소하는데 개선할 생각이 없나요?
162	2026-07-22	1	1	최악의 어플. 세금 이렇게밖에 못쓰나요? 뭐 제대로 되는게 하나도 없음. 내가 ai써서 혼자 만들어도 이것보단 나을듯
163	2026-07-21	1	1	매번 사진이 저장되지 않았다고 다시 진행함! 신고를 받겠다는건지 말겠다는건지 의문스러움! 관리자의 징계가 반드시 필요함!! 아울러, 동일한 민원이 계속 올라오는데도 조치없이 기계적인 답변을 복붙하는 관리자의 직유유기에 대한 사과와 파면을 요구함
164	2026-07-21	1	1	신고하려고 안전신고 갤러리 누르면 아무 사진도 안뜸..
165	2026-07-21	3	3	이미 다른분들이 다 오류지적해주셨고 해결책을 댓글로 달아주고 계시는데 이렇게 하지마지고 어플 실행시 오류있는거 안내해주고 설정변경하라고 팝업 좀 띄워주셨으면 좋겠습니다. 다들 애정을 가지고 사용하고있어요
166	2026-07-21	1	0	그지같은어플 팝업창 렉걸려서 꺼지지도 않고 어플 자체도 잘 안켜지고
167	2026-07-20	1	0	국가가 관리하는 어플은 다이럼
168	2026-07-20	1	0	스트레스 생기는어플 범법행위는 신고가 어려우니 여러분도 하시길 권장하는앱 신고하고싶으면 어플사진기를통해 가능한점 어플사진기 꺼내다 범죄행위가 지나가버리는점 어렵게 신고 했지만 또다른 많은조건이 필요한점 앱 관리자의 무관심 답변매크로와 각 행정처의 귀차니즘 쿵짝이 이렇게 잘 맞을수가.. 국가에서 관리하는건 왜 관리가 이런가..
169	2026-07-20	1	0	멍청하네 진짜 아니 앨범 기능도 막아 놓고 실시간으로 촬영하게 만들어서 한장 찍고 1분 대기 후 촬영하게 만들면 누가 신고하냐 진짜 멍청하다
170	2026-07-18	1	0	렉이 너무 심함 사용하라는건가 싶을정도로 너무 느림
171	2026-07-17	1	0	진짜 핵 불편
172	2026-07-16	5	0	잘처리되고 좋아요
173	2026-07-16	1	0	하루종일 오류네. , 그리고 뭐 이리 신고마다 방법이 다 다른거야 통일시켜야지 어떤건 앱에서 사진찍어야 하고 어떤건 기존 카메라 사진이나 동영상도 상관없고 ㅡㅡ
174	2026-07-15	1	0	통화하면서 사진을 못찍음
175	2026-07-14	1	0	신고를 해야되는데 안됨 휴대폰 인증번호 받는데 오류떠서 신고못함
176	2026-07-14	5	0	좋아요
177	2026-07-14	3	0	모바일로 사용하기 불편
178	2026-07-13	1	0	무슨 앱이 이렇게 까다로워요 불법주정차 신고하려고하는데 무조건 앱내 카메라만 이용하라하고 직접 촬영한 사진으로는 신고도 못하게되어있는 이상한 구조인데... 지금까지 왜 한번도 개선이나 변화가 없습니까
179	2026-07-11	1	4	휴대폰 사진으로는 신고할수없음. 위반신고 사진중 대다수가 급하게 촬영하는데 언제 앱을 실행하고 사진 동영상 선택하고 이짓을 하고있음? 일반촬영된 사진이나 영상을 첨부할수있게 하지않는이상 이 앱은 무용지물임
180	2026-07-11	1	0	잘 되던게 갑자기 안 됨 완전 쓰레기가 됨. 신고 하지 말라는건가 위치 입력하라고 뜨며 제출도 안되고 위치버튼을 눌러도 반응없음 수동으로 주소 입력하게 해두던가. 그냥 손으로 써서 신고하게 해라. 이렇게 못 쓰게 망가뜨리지 말고.
181	2026-07-11	1	0	세금낭비의 표본 쓰레기
182	2026-07-10	1	0	앱 사용하러 켤때마다 계속 로딩이네요. 신고를 하라는겁니까, 말라는 겁니까? 이런게 세금낭비 아닙니까?
183	2026-07-08	1	0	일 안하는지 답변이 많이 늦네요
184	2026-07-08	1	0	사진촬영 2장필여하다는데 한장찍고 다음게촬영이안됨
185	2026-07-08	1	9	2026년7월8일기준으로 작성하였습니다. 이 어플은 최악의 어플입니다. 국가 차원에서 공익신고를 하라고 만든 어플리케이션이 이렇게 조잡할 수가 없습니다. 공익을 위해 처음으로 써봤지만, 결론은 신고를 하지 말라는 수준의 저질입니다. 1. 수차례 반복되는 팝업창(안뜨게 하는 기능이 없어서 노이로제 걸리게 계속 뜸) 2. 신고하기까지의 자료등록 불편(카메라 어플에서 사진을 고르고 난 뒤로 화면이 5번은 왔다갔다 함) 3. 신고 요건에 대한 안내 미흡(신문고 내 카메라로 촬영 또는 영상촬영시간 명시 등 구체적 안내를 먼저 했으면 시간낭비 안했음) 4. 명시된 처리기간(최대 14일) 경과에도 처리되지 않는 민원에 대한 짜증(막상 연락하니 불수용 종결, 이럴거면 시간을 왜 끌었나 싶으며... 담당자가 인사이동 때문에 확인을 못했다고 하는데 민원인이 그런 사정까지 봐줘야 하는건지? 인수인계에서 발생하는 업무공백은 조직 자체의 문제를 시사함) 정부24어플은 좋은데 이건 왜 이딴 식이죠??
186	2026-07-07	1	0	사진이 찍으면 저장이안되요. 이거 안고치나요?
187	2026-07-07	1	7	이딴 쓰잘때기 없는 앱 그냥 없애세요. 사진에 딱 다 나와있는데 날짜, 시간없다고 신고 안된다고 하다니;; 빠르게 주행중인 오토바이 핼맷 미착용에 역주행하는데 앱 찾아서 일일이 누르고 사진찍어야 됨?? 어이가 없고 용량만 차지하는 어플입니다.
188	2026-07-07	1	0	맨날천날 힘들게 고생해서 겨우겨우 신호위반 스텔스 이런거찍으면 머함 전부 다 계도조치인데 경찰부터가 해줄마음이 없음 공무원들도 똑같고
189	2026-07-06	1	0	(욕설 리뷰) 뜬금없이 위치등록 안된다고 신고 못하게 막았네 이러고 신고기간 어쩌고 하면
190	2026-07-06	1	0	불법주정차 신고하고싶은데 왜갤러리가 계속 안뜨냐 설정 다오픈했는데!!!
191	2026-07-06	3	3	이전 리뷰 내용은 개선이 된 것 같아 별 갯수를 추가했습니다. 추가로 불편한 사항이 있는데 앱 내에는 문의 기능이 없어 리뷰에 남김니다. 현재 교통위반 신고에서 사진, 영상 첨부파일 업로드시 해당 파일의 저장시점 시간으로 발생시간이 변경되는 기능이 있는데, 실제 파일저장시간과 사건 발생시간이 동일한 경우는 잘 없어 불편합니다. 파일 업로드 후 자동 시간 변경대신 팝업창을 한번 띄워서 파일 저장시간으로 시간을 변경할지 물어보는 방식으로 적용하면 좋을 것 같습니다.
192	2026-07-05	1	0	제발 일좀하세요. 별평만봐도알겠고만..신고하기어렵고 화질구리고 절차복잡하고...이건뭐 신고를하라는건지말라는건지. 어플가지고 돌아다녀보면서 신고도해보고 사용자들 불편하다고 하는 사항들 개선좀해주세요. 기계적으로 답글 달지마시구요.. 그시간에 나가서 좀...
193	2026-07-05	1	1	내용을 작성하려고 클릭하면 키보드가 열리지 않습니다.
194	2026-07-05	1	0	사진 찍는 도중 계속 튕김 장난?
195	2026-07-05	1	0	앱실행-핸드폰 재부팅만 수십회
196	2026-07-05	1	0	일부러 신고 못하게 하려고 짜증나게 만들어놨네요 최악의 앱입니다 개발 좀 제대로 하세요
197	2026-07-04	1	16	민원신고 할 때 어플로 사진촬영을 하면 정상적으로 저장이 되지 않고 다시 돌아가는데 이 과정을 몇 번씩 거처야 겨우 신고가 가능합니다. 바쁜 일상에 짬내서 신고하는 건데 사진 올리자고 긴 시간을 허비하는 분들이 저뿐만이 아닌 것 같습니다 처음에는 그럴 수 있다고 생각했는데 할 때마다 이런 걸 보니 어플이 문제네요;; 빠른 업데이트 바랍니다
198	2026-07-04	1	0	카메라성능이 가히 구데기 눈알보다 못하다 내장캠으로 찍으면 번호판식별이안됨
199	2026-07-02	1	5	신고 안하는게 맘편함. 불수용 돼는 이유도 너무 많고 위변조 이유로 갤러리에서 불러온건 안된다는데 그럼 내폰 갤러리에서 불러오는 항목을 없애야지 어플로만 사진촬영하게 해놔야지 이거무슨...ㅡㅡ 어플 지웠음
