월	전체신고	불법주정차	개선	조치율표기	수용	일부수용	기완료	검토중	불수용	기타	취하	처리중	6대소계	소화전	교차로모퉁이	버스정류소	횡단보도	어린이보호구역	인도	일반소계	장애인전용	소방차전용	친환경차충전	기타유형
2025-01	898367	459485	359152	80.1	339795	19012	345	233	88982	260	6228	4630	295060	37389	73074	14941	96318	5289	68049	164425	61133	1252	43480	58560
2025-02	865758	418490	329740	80.3	312545	16873	322	195	80444	419	5452	2240	272214	35603	66985	13340	87595	4894	63797	146276	53503	1125	37160	54488
2025-03	1117882	502772	393775	79.8	372869	20657	249	227	99185	424	6779	2382	333451	43214	83134	16072	106021	7664	77346	169321	57563	1758	38165	71835
2025-04	1165112	495296	385986	79.6	365314	20305	367	326	98033	370	6887	3694	331047	41461	83377	15341	105866	7995	77007	164249	54293	1923	34964	73069
2025-05	1220814	533422	412933	79.0	388431	24099	403	227	108890	424	7139	3809	357982	45294	92035	16787	112793	8268	82805	175440	56048	2154	37213	80025
2025-06	1204969	507410	392911	78.9	370703	21926	282	395	103997	512	8003	1592	342452	43489	91060	15680	106153	7516	78554	164958	51494	2121	35120	76223
2025-07	1254371	506164	394084	79.2	372496	21377	211	249	102880	484	7016	1451	342263	42910	91618	15592	106037	7489	78617	163901	51479	1742	34776	75904
2025-08	1264976	533946	410465	78.5	386920	23357	188	279	111448	519	7434	3801	360814	44196	96295	16430	114948	7315	81630	173132	56420	2077	36509	78126
2025-09	1167306	466305	355276	78.7	336135	18946	195	239	95443	400	6417	8530	314868	38852	83618	13928	99515	7063	71892	151437	48134	1923	32766	68614
2025-11	1272275	516097	391215	78.4	370326	20768	121	340	107184	419	7635	9304	342310	44415	89282	14629	107305	7544	79135	173787	54679	1956	39539	77613
2025-12	1128754	509665	394323	79.2	373770	20415	138	189	103219	385	6796	4753	337707	43581	87963	14452	104182	7026	80503	171958	53077	1640	41758	75483
2026-01	1081656	495204	387268	79.7	367749	19396	123	215	97793	404	6713	2811	326594	41660	88037	13839	100185	6009	76864	168610	52519	1390	45883	68818
2026-02	1053390	484344	373217	79.0	353996	19049	172	187	98658	399	6642	5241	316934	40728	82331	13940	98620	5444	75871	167410	51096	1793	46254	68267
2026-03	1314002	569371	440709	79.1	417448	23125	136	258	115786	485	8284	3849	377752	47162	97431	15703	118812	8424	90220	191619	52720	2296	49834	86769
2026-04	1367059	558384	428696	78.4	405783	22758	155	364	117581	483	7545	3715	372354	45941	96894	15813	114666	9374	89666	186030	49779	2119	43036	91096
